<?xml version="1.0" encoding="UTF-8"?>
<project-private xmlns="http://www.netbeans.org/ns/project-private/1">
    <editor-bookmarks xmlns="http://www.netbeans.org/ns/editor-bookmarks/2" lastBookmarkId="0"/>
    <open-files xmlns="http://www.netbeans.org/ns/projectui-open-files/2">
        <group>
            <file>file:/mnt/5800d500-9373-44a4-803f-c208fdb329c9/GitHub/Practicas/Practica_java/FinalProgramacion/src/Frames/Principal.java</file>
            <file>file:/mnt/5800d500-9373-44a4-803f-c208fdb329c9/GitHub/Practicas/Practica_java/FinalProgramacion/src/Clases/Conectar.java</file>
            <file>file:/mnt/5800d500-9373-44a4-803f-c208fdb329c9/GitHub/Practicas/Practica_java/FinalProgramacion/src/Frames/Login.java</file>
            <file>file:/mnt/5800d500-9373-44a4-803f-c208fdb329c9/GitHub/Practicas/Practica_java/FinalProgramacion/src/Frames/clientTable.java</file>
        </group>
    </open-files>
</project-private>
